<?xml version="1.0" encoding="UTF-8"?>
<!DOCTYPE mapper PUBLIC "-//mybatis.org//DTD Mapper 3.0//EN" "http://mybatis.org/dtd/mybatis-3-mapper.dtd">
<mapper namespace="com.korea.rest.mapper.ProductMapper">
	<insert id="insert">
		insert into product
		(PRODUCT_ID, PRODUCT_NAME, PRODUCT_STOCK, PRODUCT_PRICE)
		values (seq_product.nextVal, #{productName}, #{productStock}, #{productPrice})
	</insert>
	<select id="selectAll" resultType="productVO">
		select * from product
	</select>
	
	<update id="updateStock">
		UPDATE PRODUCT
		SET PRODUCT_STOCK = PRODUCT_STOCK - #{productCount}
		WHERE PRODUCT_ID = #{productId}
	</update>
	
	<select id="select" resultType="productVO">
		select * from product where PRODUCT_ID = #{productId}
	</select>
</mapper>