<?xml version="1.0" encoding="UTF-8"?>
	  
<!DOCTYPE mapper PUBLIC "-//mybatis.org//DTD Mapper 3.0/EN" "https://mybatis.org/dtd/mybatis-3-mapper.dtd">
<mapper namespace="com.korea.board.mapper.BoardMapper">
	<!-- 페이지별 게시물 조회 -->
	<select id="selectList" resultType="boardVO">
		select * from
		(select rank()
		over(order by ref desc,step) no, b.*
		from board b)
		where no between
		#{start} and #{end}
	</select>

	<!-- 전체 게시물 개수 조회 -->
	<select id="getRowTotal" resultType="int">
		select count(*) from board
	</select>

	<!--idx에 해당하는 게시글 정보 조회(상세보기) -->
	<select id="board_one" resultType="boardVO">
		select * from board where idx
		= #{idx}
	</select>

	<!--조회수 업데이트 -->
	<update id="update_readhit">
		update board set readhit = readhit + 1
		where idx =
		#{idx}
	</update>

	<!-- 새글 추가 -->
	<insert id="board_insert">
		insert into board values(
		seq_board_idx.nextVal,
		#{name},
		#{subject},
		#{content},
		#{pwd},
		#{ip},
		sysdate,
		0,
		seq_board_idx.currVal,
		0,
		0,
		0
		)
	</insert>

	<!-- 게시글 삭제(된 것 처럼 업데이트) -->
	<update id="del_update">
		update board set
		subject = #{subject},
		name = #{name},
		del_info = 2
		where idx=#{idx}
	</update>
</mapper>